<?xml version="1.0" encoding="UTF-8"?>
<GenRun Id="synth_1" LaunchPart="xc7a35tcpg236-2" LaunchTime="1651123822">
  <File Type="VDS-TIMING-PB" Name="a2_timing_summary_synth.pb"/>
  <File Type="VDS-TIMINGSUMMARY" Name="a2_timing_summary_synth.rpt"/>
  <File Type="RDS-DCP" Name="a2.dcp"/>
  <File Type="RDS-UTIL-PB" Name="a2_utilization_synth.pb"/>
  <File Type="RDS-UTIL" Name="a2_utilization_synth.rpt"/>
  <File Type="RDS-PROPCONSTRS" Name="a2_drc_synth.rpt"/>
  <File Type="RDS-RDS" Name="a2.vds"/>
  <File Type="PA-TCL" Name="a2.tcl"/>
  <FileSet Name="sources" Type="DesignSrcs" RelSrcDir="$PSRCDIR/sources_1">
    <Filter Type="Srcs"/>
    <File Path="$PSRCDIR/sources_1/new/a2.vhd">
      <FileInfo>
        <Attr Name="UsedIn" Val="synthesis"/>
        <Attr Name="UsedIn" Val="simulation"/>
      </FileInfo>
    </File>
    <Config>
      <Option Name="DesignMode" Val="RTL"/>
      <Option Name="TopModule" Val="a2"/>
      <Option Name="TopAutoSet" Val="TRUE"/>
    </Config>
  </FileSet>
  <FileSet Name="constrs_in" Type="Constrs" RelSrcDir="$PSRCDIR/constrs_1">
    <Filter Type="Constrs"/>
    <File Path="$PSRCDIR/constrs_1/new/a2.xdc">
      <FileInfo>
        <Attr Name="UsedIn" Val="synthesis"/>
        <Attr Name="UsedIn" Val="implementation"/>
      </FileInfo>
    </File>
    <Config>
      <Option Name="ConstrsType" Val="XDC"/>
    </Config>
  </FileSet>
  <Strategy Version="1" Minor="2">
    <StratHandle Name="Vivado Synthesis Defaults" Flow="Vivado Synthesis 2016">
      <Desc>Vivado Synthesis Defaults</Desc>
    </StratHandle>
    <Step Id="synth_design"/>
  </Strategy>
</GenRun>
