<?xml version="1.0" encoding="UTF-8"?>
<GenRun Id="impl_1" LaunchPart="xc7a35tcpg236-2" LaunchTime="1651123859">
  <File Type="WBT-USG" Name="usage_statistics_webtalk.html"/>
  <File Type="BG-DRC" Name="a2.drc"/>
  <File Type="BG-BGN" Name="a2.bgn"/>
  <File Type="BITSTR-SYSDEF" Name="a2.sysdef"/>
  <File Type="BITSTR-MMI" Name="a2.mmi"/>
  <File Type="BITSTR-BMM" Name="a2_bd.bmm"/>
  <File Type="BITSTR-NKY" Name="a2.nky"/>
  <File Type="BITSTR-RBT" Name="a2.rbt"/>
  <File Type="BITSTR-MSK" Name="a2.msk"/>
  <File Type="BG-BIN" Name="a2.bin"/>
  <File Type="BG-BIT" Name="a2.bit"/>
  <File Type="POSTROUTE-PHYSOPT-TIMING-RPX" Name="a2_timing_summary_postroute_physopted.rpx"/>
  <File Type="POSTROUTE-PHYSOPT-TIMING-PB" Name="a2_timing_summary_postroute_physopted.pb"/>
  <File Type="POSTROUTE-PHYSOPT-TIMING" Name="a2_timing_summary_postroute_physopted.rpt"/>
  <File Type="POSTROUTE-PHYSOPT-BLACKBOX-DCP" Name="a2_postroute_physopt_bb.dcp"/>
  <File Type="POSTROUTE-PHYSOPT-DCP" Name="a2_postroute_physopt.dcp"/>
  <File Type="ROUTE-CLK" Name="a2_clock_utilization_routed.rpt"/>
  <File Type="ROUTE-SIMILARITY" Name="a2_incremental_reuse_routed.rpt"/>
  <File Type="ROUTE-TIMING-RPX" Name="a2_timing_summary_routed.rpx"/>
  <File Type="ROUTE-TIMING-PB" Name="a2_timing_summary_routed.pb"/>
  <File Type="ROUTE-TIMINGSUMMARY" Name="a2_timing_summary_routed.rpt"/>
  <File Type="ROUTE-STATUS-PB" Name="a2_route_status.pb"/>
  <File Type="ROUTE-STATUS" Name="a2_route_status.rpt"/>
  <File Type="ROUTE-PWR-RPX" Name="a2_power_routed.rpx"/>
  <File Type="ROUTE-PWR-SUM" Name="a2_power_summary_routed.pb"/>
  <File Type="ROUTE-PWR" Name="a2_power_routed.rpt"/>
  <File Type="ROUTE-METHODOLOGY-DRC-PB" Name="a2_methodology_drc_routed.pb"/>
  <File Type="ROUTE-METHODOLOGY-DRC-RPX" Name="a2_methodology_drc_routed.rpx"/>
  <File Type="ROUTE-METHODOLOGY-DRC" Name="a2_methodology_drc_routed.rpt"/>
  <File Type="ROUTE-DRC-RPX" Name="a2_drc_routed.rpx"/>
  <File Type="ROUTE-DRC-PB" Name="a2_drc_routed.pb"/>
  <File Type="ROUTE-DRC" Name="a2_drc_routed.rpt"/>
  <File Type="ROUTE-BLACKBOX-DCP" Name="a2_routed_bb.dcp"/>
  <File Type="ROUTE-DCP" Name="a2_routed.dcp"/>
  <File Type="ROUTE-ERROR-DCP" Name="a2_routed_error.dcp"/>
  <File Type="PHYSOPT-TIMING" Name="a2_timing_summary_physopted.rpt"/>
  <File Type="PHYSOPT-DRC" Name="a2_drc_physopted.rpt"/>
  <File Type="PHYSOPT-DCP" Name="a2_physopt.dcp"/>
  <File Type="POSTPLACE-PWROPT-TIMING" Name="a2_timing_summary_postplace_pwropted.rpt"/>
  <File Type="RDI-RDI" Name="a2.vdi"/>
  <File Type="PLACE-TIMING" Name="a2_timing_summary_placed.rpt"/>
  <File Type="PLACE-PRE-SIMILARITY" Name="a2_incremental_reuse_pre_placed.rpt"/>
  <File Type="PLACE-SIMILARITY" Name="a2_incremental_reuse_placed.rpt"/>
  <File Type="PLACE-CTRL" Name="a2_control_sets_placed.rpt"/>
  <File Type="PLACE-UTIL-PB" Name="a2_utilization_placed.pb"/>
  <File Type="PLACE-UTIL" Name="a2_utilization_placed.rpt"/>
  <File Type="PLACE-CLK" Name="a2_clock_utilization_placed.rpt"/>
  <File Type="PLACE-IO" Name="a2_io_placed.rpt"/>
  <File Type="PLACE-DCP" Name="a2_placed.dcp"/>
  <File Type="PWROPT-TIMING" Name="a2_timing_summary_pwropted.rpt"/>
  <File Type="PWROPT-DRC" Name="a2_drc_pwropted.rpt"/>
  <File Type="PWROPT-DCP" Name="a2_pwropt.dcp"/>
  <File Type="OPT-TIMING" Name="a2_timing_summary_opted.rpt"/>
  <File Type="OPT-HWDEF" Name="a2.hwdef"/>
  <File Type="OPT-METHODOLOGY-DRC" Name="a2_methodology_drc_opted.rpt"/>
  <File Type="OPT-DRC" Name="a2_drc_opted.rpt"/>
  <File Type="OPT-DCP" Name="a2_opt.dcp"/>
  <File Type="INIT-TIMING" Name="a2_timing_summary_init.rpt"/>
  <File Type="POSTPLACE-PWROPT-DCP" Name="a2_postplace_pwropt.dcp"/>
  <File Type="PA-TCL" Name="a2.tcl"/>
  <FileSet Name="sources" Type="DesignSrcs" RelSrcDir="$PSRCDIR/sources_1">
    <Filter Type="Srcs"/>
    <File Path="$PSRCDIR/sources_1/new/a2.vhd">
      <FileInfo>
        <Attr Name="UsedIn" Val="synthesis"/>
        <Attr Name="UsedIn" Val="simulation"/>
      </FileInfo>
    </File>
    <Config>
      <Option Name="DesignMode" Val="RTL"/>
      <Option Name="TopModule" Val="a2"/>
      <Option Name="TopAutoSet" Val="TRUE"/>
    </Config>
  </FileSet>
  <FileSet Name="constrs_in" Type="Constrs" RelSrcDir="$PSRCDIR/constrs_1">
    <Filter Type="Constrs"/>
    <File Path="$PSRCDIR/constrs_1/new/a2.xdc">
      <FileInfo>
        <Attr Name="UsedIn" Val="synthesis"/>
        <Attr Name="UsedIn" Val="implementation"/>
      </FileInfo>
    </File>
    <Config>
      <Option Name="ConstrsType" Val="XDC"/>
    </Config>
  </FileSet>
  <Strategy Version="1" Minor="2">
    <StratHandle Name="Vivado Implementation Defaults" Flow="Vivado Implementation 2016">
      <Desc>Default settings for Implementation.</Desc>
    </StratHandle>
    <Step Id="init_design"/>
    <Step Id="opt_design"/>
    <Step Id="power_opt_design"/>
    <Step Id="place_design"/>
    <Step Id="post_place_power_opt_design"/>
    <Step Id="phys_opt_design"/>
    <Step Id="route_design"/>
    <Step Id="post_route_phys_opt_design"/>
    <Step Id="write_bitstream"/>
  </Strategy>
</GenRun>
